,drum,male,female,flute,guitar,harpsichord,piano,string,synth,violin
0,0,0,0,0,0,0,0,0,1,0
5,1,0,0,0,0,0,0,0,1,0
7,0,0,0,0,0,0,0,0,0,1
14,0,0,1,1,0,0,0,1,0,1
17,0,1,0,0,0,0,0,1,0,1
18,0,1,0,0,0,0,0,0,0,0
20,0,1,0,0,0,0,0,0,0,0
21,0,0,0,0,0,0,0,1,0,1
26,0,0,1,0,0,0,0,0,0,0
27,0,0,1,0,0,0,0,0,0,0
30,0,0,1,0,0,0,0,0,0,0
31,0,1,0,0,0,0,0,1,0,0
35,0,0,1,0,0,0,0,0,0,0
38,0,0,0,1,0,0,0,1,0,1
41,1,0,0,0,0,0,0,0,0,0
44,0,1,0,0,0,0,0,0,0,0
46,0,0,0,0,0,0,0,1,0,1
48,0,0,0,0,0,1,0,0,0,0
50,0,0,0,0,0,1,0,0,0,0
51,0,0,1,0,0,0,0,0,0,0
53,0,0,1,0,0,0,0,0,0,0
54,0,0,0,0,0,0,0,1,0,1
56,0,0,1,0,0,0,0,1,0,0
57,0,0,0,0,0,0,0,1,0,1
58,0,0,1,0,0,0,0,0,0,0
59,0,0,1,0,0,0,0,0,0,0
60,0,0,1,0,0,0,0,0,0,0
62,0,0,1,0,0,0,0,0,0,0
65,0,1,0,0,0,0,0,0,0,0
66,0,1,0,0,0,0,0,0,0,0
69,0,0,0,0,0,0,0,0,0,1
70,0,0,0,0,0,0,0,0,0,1
71,0,0,0,0,0,0,0,1,0,1
73,0,0,1,0,0,0,0,1,0,0
74,0,0,0,0,0,0,0,1,0,0
75,0,0,0,0,0,0,0,0,0,1
79,0,1,0,0,0,0,0,1,0,1
80,0,0,0,1,0,0,0,1,0,1
81,0,0,0,0,0,0,0,1,0,1
82,0,0,0,1,0,0,0,0,0,0
83,0,0,0,1,0,0,0,0,0,1
84,0,0,0,0,0,0,0,1,0,1
85,0,0,0,1,0,0,0,1,0,1
86,0,0,0,1,0,0,0,1,0,0
87,0,0,0,0,0,0,0,1,0,1
89,0,0,0,1,0,0,0,1,0,0
90,0,0,0,1,0,0,0,1,0,0
91,0,0,0,1,0,0,0,1,0,1
92,0,0,0,0,0,0,0,1,0,1
93,0,0,0,1,0,0,0,1,0,1
95,0,0,0,0,0,0,0,1,0,1
96,0,0,0,1,0,0,0,0,0,0
100,0,0,0,1,0,0,0,1,0,1
101,0,0,0,0,0,0,0,1,0,1
106,0,0,1,0,0,0,1,0,0,0
110,0,0,0,0,0,0,0,0,1,0
111,1,0,1,0,0,0,0,0,1,0
112,1,0,1,0,0,0,0,0,0,0
117,0,0,0,0,0,0,0,0,1,0
120,0,0,0,0,0,0,0,0,1,0
129,0,0,0,0,0,0,0,1,0,0
132,0,1,0,0,0,0,0,0,0,0
136,0,0,0,1,0,0,0,0,0,0
141,1,0,0,0,0,0,0,0,0,0
145,0,0,1,0,0,0,0,0,0,0
147,0,0,1,0,0,0,0,0,0,0
149,0,0,1,0,0,0,0,0,0,0
152,0,0,1,0,0,0,0,0,0,0
153,0,1,0,0,0,0,0,0,0,0
154,0,1,0,0,0,0,0,0,0,0
156,0,1,0,0,1,0,0,0,0,0
158,1,0,0,0,0,0,0,0,0,0
162,0,0,1,0,0,0,0,0,0,0
163,0,0,1,0,0,0,0,0,0,0
168,0,0,1,0,0,0,0,0,0,0
174,0,0,0,0,1,0,0,1,0,0
176,0,0,0,0,1,0,1,0,0,0
182,0,1,0,0,0,0,0,0,0,0
189,0,0,1,0,0,0,0,0,0,0
193,0,0,1,0,0,0,1,0,0,0
195,0,0,0,0,1,0,0,0,0,0
197,1,0,0,0,0,0,0,0,0,0
200,1,0,0,0,0,0,0,0,0,0
201,1,0,0,0,0,0,0,0,0,0
209,0,0,0,0,0,0,1,0,0,0
210,1,0,0,0,0,0,0,0,0,0
213,0,0,1,0,0,0,0,0,0,0
217,0,0,0,0,0,0,1,0,0,0
219,1,0,0,0,0,0,0,0,0,0
220,1,0,1,0,0,0,0,0,0,0
226,0,0,1,0,0,0,0,0,0,0
228,0,0,1,0,0,0,0,0,0,0
232,0,0,1,0,0,0,0,0,0,0
235,1,0,1,0,0,0,0,0,0,0
243,0,0,0,0,0,0,0,0,1,0
244,0,0,0,0,0,0,0,0,1,0
245,0,0,0,0,0,0,0,0,1,0
246,0,0,0,0,0,0,0,0,1,0
247,0,0,0,0,0,0,0,0,1,0
253,1,0,0,0,0,0,0,0,0,0
254,1,1,0,0,0,0,0,0,0,0
258,1,0,0,0,0,0,0,0,1,0
260,1,0,0,0,0,0,0,0,1,0
262,1,0,0,0,0,0,0,0,1,0
263,1,0,0,0,0,0,0,0,0,0
271,0,0,0,0,0,0,0,0,1,0
272,1,0,0,0,0,0,0,0,0,0
277,0,1,0,0,1,0,0,0,0,0
278,0,0,0,0,1,0,0,0,0,0
281,0,1,0,0,0,0,0,0,0,0
282,0,1,0,0,0,0,0,0,0,0
283,0,1,0,0,1,0,0,0,0,0
287,0,1,0,0,1,0,0,0,0,0
289,1,1,0,0,1,0,0,0,0,0
290,0,1,0,0,0,0,0,0,0,0
294,1,1,0,0,1,0,0,0,0,0
298,0,0,0,0,0,1,0,0,0,0
300,0,0,0,0,0,0,1,0,0,0
302,0,1,0,0,0,0,0,0,0,0
305,1,1,0,0,1,0,0,0,0,0
308,1,0,0,0,1,0,0,0,0,0
310,1,1,0,0,1,0,0,0,0,0
313,0,1,0,0,0,0,0,0,0,0
320,0,0,0,0,1,0,0,0,0,0
323,0,1,0,0,1,0,0,0,0,0
324,1,0,0,0,0,0,0,0,0,0
326,0,0,0,0,0,0,1,0,1,0
330,0,0,0,0,0,0,0,0,1,0
337,0,0,0,0,0,0,0,0,0,1
338,0,0,0,0,0,0,0,0,1,0
339,0,0,0,0,0,0,0,0,1,0
342,0,0,0,0,0,0,0,0,1,0
343,0,1,0,0,0,0,0,0,0,0
344,1,0,0,0,0,0,0,0,1,0
345,0,0,0,0,1,0,1,0,0,0
346,0,0,0,0,0,0,0,0,1,0
351,0,0,0,0,0,0,0,0,1,0
360,1,0,0,0,0,0,0,0,0,0
361,0,1,0,0,1,0,0,0,0,0
363,0,0,0,0,1,0,0,0,0,0
366,0,0,0,0,0,0,1,1,0,0
369,0,0,0,0,1,1,0,1,0,0
376,0,0,0,0,0,0,0,0,1,0
377,0,0,0,0,0,0,0,0,1,0
380,0,0,0,0,0,0,0,0,1,0
384,1,0,0,0,0,0,0,0,1,0
390,0,0,0,0,1,0,0,1,0,0
410,0,0,0,1,0,0,0,0,0,0
411,0,0,0,0,0,0,0,0,0,1
412,0,0,0,1,0,0,1,0,0,0
414,0,0,0,1,0,0,0,0,0,0
418,0,0,0,1,0,1,0,1,0,0
419,0,0,0,1,0,0,0,0,0,0
421,0,0,0,0,0,1,0,0,0,0
424,0,0,0,1,0,1,0,0,0,0
425,0,0,0,0,0,1,0,1,0,1
427,0,0,0,0,0,1,0,0,0,0
429,0,0,0,1,0,0,0,0,0,0
430,0,0,0,0,0,0,0,0,0,1
433,0,0,0,0,0,0,1,0,0,0
434,0,0,0,0,0,0,1,0,0,0
439,0,0,0,0,0,0,1,0,0,0
441,0,0,0,0,0,0,1,0,0,0
444,0,0,0,0,0,0,1,0,0,0
446,0,0,0,0,0,0,1,0,0,0
447,0,0,0,0,0,0,1,0,0,0
450,0,0,0,0,0,0,1,0,0,0
451,0,0,0,0,0,0,1,0,0,0
454,0,0,0,0,0,0,1,0,0,0
459,0,0,0,0,0,0,1,0,0,0
467,0,0,0,0,0,0,1,0,0,0
470,0,0,0,0,0,0,1,0,0,0
479,0,0,0,0,1,0,0,1,0,0
481,0,0,0,0,1,0,1,1,0,0
490,0,0,1,0,0,0,0,0,0,0
492,0,0,1,0,0,0,0,0,0,0
497,1,0,0,0,0,0,0,0,0,0
498,0,0,0,0,0,0,0,0,1,0
501,0,0,0,1,0,0,0,0,0,0
502,0,0,0,0,0,0,0,0,1,0
503,0,0,0,0,0,0,0,0,1,0
504,0,0,0,0,0,0,0,0,1,0
505,0,0,0,0,0,0,1,0,0,0
506,0,0,0,0,0,0,1,0,1,0
509,0,0,0,0,1,0,1,0,0,0
518,0,0,0,0,0,0,0,0,1,0
520,0,0,0,0,0,0,0,0,1,0
531,0,0,0,0,0,0,0,0,1,0
540,0,0,0,0,1,1,1,1,0,0
541,0,0,0,0,1,0,0,1,0,0
542,0,0,0,0,1,0,0,0,0,0
546,0,0,0,0,0,1,0,0,0,0
548,0,0,0,0,1,1,1,0,0,0
555,0,0,0,0,1,0,0,0,0,0
562,0,0,0,0,0,0,0,0,1,0
564,1,0,0,0,0,0,0,0,1,0
576,0,0,1,0,0,0,0,0,0,0
580,0,1,0,0,0,0,0,0,0,0
582,0,0,0,0,0,0,0,0,0,1
605,1,0,0,0,0,0,1,0,0,0
607,1,0,0,0,0,0,0,0,0,0
608,1,0,0,0,0,0,0,0,1,0
614,0,0,0,0,0,0,1,0,0,0
615,0,0,0,0,0,0,0,0,1,0
616,0,0,0,0,0,0,1,0,0,0
617,0,0,0,0,0,0,1,0,0,0
619,0,0,0,0,1,0,0,0,0,0
624,0,0,0,0,1,0,0,0,0,0
629,0,0,0,0,1,0,0,0,0,0
631,0,0,0,0,1,0,0,1,0,0
633,0,0,0,0,1,1,0,0,0,0
635,0,0,0,0,1,0,0,1,0,0
645,0,0,0,0,1,0,0,1,0,0
649,0,0,0,0,1,0,0,1,0,0
650,0,0,0,0,1,0,0,0,0,0
651,0,0,0,0,1,0,0,0,0,0
655,0,0,0,0,1,0,0,1,0,0
658,0,0,0,0,1,0,0,0,0,0
660,0,0,0,0,1,0,0,1,0,0
661,0,0,0,0,1,1,0,1,0,0
662,0,0,0,0,0,0,0,1,0,0
665,0,0,0,0,1,0,0,1,0,0
670,0,0,0,0,1,0,0,1,0,0
672,0,0,0,0,1,0,0,0,0,0
673,0,0,0,0,1,0,0,0,0,0
677,0,0,0,0,0,0,1,0,0,0
679,0,0,0,0,0,0,1,0,0,0
682,0,0,0,0,0,0,1,0,0,0
685,0,0,0,0,0,0,1,0,0,0
695,0,1,0,0,0,0,0,0,0,0
698,1,0,0,0,1,0,0,0,0,0
705,0,1,0,0,1,0,0,0,0,0
712,1,0,0,0,0,0,0,0,0,0
720,0,0,0,1,0,0,0,0,0,1
721,0,0,0,1,0,0,0,0,0,1
722,0,0,0,1,0,0,0,0,0,0
724,0,0,0,0,0,1,0,0,0,1
725,0,0,0,0,0,0,0,1,0,1
726,0,0,0,1,0,0,0,1,0,1
728,0,0,0,1,0,1,0,1,0,1
729,0,0,0,1,0,1,0,1,0,1
732,0,0,0,1,0,1,0,1,0,1
750,0,1,0,0,0,0,0,0,0,0
751,0,1,0,0,0,0,0,0,0,0
752,0,1,0,0,0,0,0,0,0,0
755,0,0,0,1,0,1,0,1,0,0
756,0,0,0,1,0,1,0,0,0,0
757,0,0,0,1,0,1,0,0,0,0
758,0,0,0,1,0,0,0,0,0,0
759,0,0,0,1,0,0,0,1,0,0
760,0,0,0,1,1,1,0,0,0,0
761,0,0,0,1,0,1,0,0,0,0
763,0,0,0,1,0,0,0,0,0,0
764,0,0,0,1,0,1,0,0,0,0
766,0,0,0,1,0,0,0,0,0,0
767,0,0,0,1,0,1,1,0,0,0
770,0,0,0,0,1,1,1,1,0,0
771,0,0,0,1,0,0,0,1,0,1
772,0,0,0,1,0,0,0,0,0,1
773,0,0,0,1,0,1,0,1,0,0
774,0,0,0,1,0,0,0,1,0,0
775,1,0,0,0,0,0,0,0,1,0
778,0,0,0,0,1,0,0,0,1,0
781,0,0,0,0,1,0,0,0,0,0
783,0,0,0,0,0,0,0,0,1,0
785,0,0,0,0,0,0,0,0,1,0
787,0,0,0,1,1,0,0,0,1,0
789,0,0,0,0,0,0,0,0,1,0
792,0,0,0,0,0,0,0,0,1,0
794,0,0,0,0,0,0,0,0,1,0
795,0,0,0,0,0,0,0,0,1,0
797,0,0,0,0,0,0,0,0,1,0
800,0,0,0,0,0,0,0,0,1,0
801,1,0,0,0,0,0,0,0,0,0
802,0,0,0,0,0,0,0,0,1,0
805,1,0,0,0,0,0,0,0,1,0
807,1,0,0,0,0,0,0,0,0,1
815,1,0,0,0,0,0,0,1,0,0
816,1,0,0,0,0,0,0,0,0,0
820,1,0,0,0,0,0,0,0,1,0
844,1,0,0,0,1,0,0,0,0,0
845,1,0,0,0,0,0,0,0,0,0
848,1,0,0,0,0,0,0,0,0,0
853,0,0,0,0,0,0,0,0,1,1
854,0,0,1,0,0,0,1,0,0,0
855,0,0,1,0,0,0,0,0,0,0
856,0,0,1,0,0,0,0,0,0,0
859,0,0,0,1,0,0,0,0,0,0
860,0,0,0,1,0,0,0,0,0,0
861,0,0,0,1,0,0,0,0,0,0
863,0,0,0,1,0,0,0,0,0,0
864,0,0,0,1,0,0,0,0,0,0
865,0,0,0,1,0,0,0,0,0,0
866,0,0,0,1,0,0,0,0,0,0
868,0,0,0,1,0,0,0,0,0,0
869,0,0,0,1,0,0,0,0,0,0
871,0,0,0,1,0,0,0,0,0,0
872,0,0,0,1,0,0,0,0,0,0
873,0,0,0,1,0,0,0,0,0,0
874,0,0,0,1,0,0,0,0,0,0
876,0,0,0,1,0,0,0,0,0,0
879,0,0,0,0,0,0,0,0,1,0
885,1,0,0,0,0,0,0,0,0,0
890,0,0,0,0,0,0,0,0,1,0
897,0,0,0,1,0,0,0,0,0,0
898,0,0,0,0,0,0,0,0,1,0
900,1,0,0,0,0,0,0,0,0,0
913,0,1,0,0,0,0,0,0,0,0
919,0,0,1,0,0,0,0,0,0,0
921,0,1,0,0,0,0,0,0,0,0
923,0,0,0,0,1,0,0,1,0,0
924,0,0,0,0,1,0,0,0,0,0
935,0,0,0,0,0,0,0,0,1,0
937,1,0,0,0,0,0,1,0,0,0
939,0,0,0,0,0,0,0,0,1,0
944,1,0,0,0,0,0,0,0,0,0
949,0,0,0,0,0,0,0,0,1,0
952,0,0,0,1,0,0,0,0,1,0
959,1,0,0,0,1,0,0,0,0,0
971,1,0,0,0,0,0,0,0,0,0
974,1,0,0,0,0,0,0,0,1,0
981,1,0,0,0,0,0,0,0,0,0
991,1,1,0,0,1,0,0,0,0,0
993,1,0,0,0,0,0,0,0,0,0
999,0,1,0,0,1,0,0,0,0,0
1002,1,0,0,0,1,0,0,0,0,0
1006,0,1,0,0,1,0,0,0,0,0
1010,0,0,0,0,1,1,1,1,0,0
1024,0,0,0,0,1,1,0,1,0,0
1026,0,0,0,0,1,0,1,0,0,0
1028,0,0,0,0,1,0,0,1,0,0
1030,0,0,0,0,1,0,0,0,0,0
1031,0,0,0,0,1,0,1,1,0,0
1032,0,0,0,0,1,0,0,1,0,0
1036,0,0,0,0,1,0,0,1,0,0
1037,0,0,0,0,1,0,1,1,0,0
1038,0,0,0,0,1,0,0,1,0,0
1042,0,0,0,0,1,0,0,0,0,0
1043,0,0,0,0,1,0,0,0,0,0
1044,0,0,0,0,1,0,1,0,0,0
1045,0,0,0,0,1,0,1,1,0,0
1054,0,0,0,0,0,0,0,1,0,0
1055,0,0,0,0,1,0,0,0,0,0
1056,0,0,0,0,1,0,1,1,0,0
1057,0,0,0,0,1,0,1,1,0,0
1058,0,0,0,0,1,0,0,1,0,0
1062,0,0,0,0,1,1,1,0,0,0
1067,0,0,0,0,1,0,1,1,0,0
1072,0,0,0,0,1,1,1,1,0,0
1076,0,0,0,0,1,0,0,0,0,0
1079,0,0,0,0,1,1,0,1,0,1
1082,0,0,0,0,1,0,1,0,0,0
1083,0,0,0,0,0,0,0,1,0,0
1086,0,0,1,0,1,0,0,0,0,0
1088,0,1,0,0,0,0,0,0,0,0
1089,0,0,0,0,1,0,0,0,0,0
1092,0,0,1,0,0,0,0,0,0,0
1099,0,0,1,0,0,0,0,0,0,0
1105,0,0,1,0,1,0,0,0,0,0
1107,0,0,0,0,1,0,1,0,0,0
1112,1,0,0,0,0,0,0,0,0,0
1114,0,0,0,0,0,0,0,0,1,0
1118,0,1,0,0,1,0,0,0,0,0
1122,0,1,0,0,1,0,0,0,0,0
1124,0,1,0,0,0,0,1,0,0,0
1125,0,0,0,1,0,0,0,0,0,0
1128,0,1,0,0,0,0,0,0,0,0
1132,0,0,0,0,0,0,0,0,1,0
1133,0,1,0,0,0,0,0,0,0,0
1150,0,0,0,0,1,0,0,1,0,0
1154,0,0,0,0,1,0,0,0,0,0
1157,0,0,0,0,1,0,0,0,0,0
1163,0,0,0,0,1,0,0,0,0,0
1166,0,0,0,0,1,0,0,0,0,0
1167,0,0,0,0,1,0,0,0,0,0
1172,0,0,0,0,1,0,0,0,0,0
1174,0,0,0,0,1,0,0,1,0,0
1184,0,0,0,0,1,0,0,1,0,0
1191,0,0,0,0,1,0,0,0,0,0
1195,0,0,0,0,1,1,0,1,0,0
1198,0,0,0,0,1,1,0,1,0,0
1203,0,0,0,0,1,0,0,0,0,0
1213,0,0,0,0,1,0,0,0,0,0
1219,0,0,0,0,1,0,0,0,0,0
1223,0,0,0,0,1,0,0,1,0,0
1227,0,0,0,0,0,0,0,1,0,1
1228,1,0,1,0,0,0,0,1,0,1
1230,0,0,1,1,0,0,0,0,0,0
1231,0,0,0,0,0,0,0,0,0,1
1234,0,0,1,0,0,0,0,0,0,0
1236,0,0,0,0,0,0,0,1,1,1
1237,0,0,0,0,0,0,0,1,0,0
1242,0,0,0,0,0,0,0,1,0,0
1246,0,0,0,0,0,0,0,1,0,1
1247,0,0,0,0,0,0,1,0,0,0
1248,1,0,0,1,0,0,0,0,0,0
1249,1,0,0,0,0,0,0,1,0,1
1250,0,0,0,0,0,0,0,1,0,1
1252,0,0,0,1,0,0,1,0,0,0
1253,0,0,0,0,0,1,1,0,0,0
1256,0,0,0,0,1,0,0,1,0,0
1263,0,0,0,0,0,0,1,1,0,0
1265,0,0,0,0,1,0,1,1,0,0
1270,0,0,0,0,0,0,0,1,0,1
1272,0,0,0,0,1,0,0,1,0,1
1277,0,0,0,0,0,0,1,0,0,0
1283,0,0,0,0,0,0,1,0,0,0
1284,0,0,0,0,0,0,1,0,0,0
1285,0,0,0,0,0,0,1,0,0,0
1287,0,0,0,0,0,0,1,0,0,0
1288,0,0,0,0,0,0,1,0,0,0
1290,0,0,0,0,0,0,1,0,0,0
1291,0,0,0,0,0,0,1,0,0,0
1297,0,0,0,0,0,0,1,0,0,0
1301,0,0,0,0,0,0,1,0,0,0
1304,0,0,0,0,0,0,1,0,0,0
1308,0,0,0,0,0,0,1,0,0,0
1309,0,0,0,0,0,0,1,0,0,0
1311,0,0,0,0,0,1,0,0,0,0
1314,0,0,0,0,0,1,0,0,0,0
1315,0,0,0,0,1,1,1,1,0,0
1319,0,0,0,0,0,1,0,0,0,0
1320,0,0,0,0,1,1,1,1,0,0
1322,0,0,0,0,0,1,1,1,0,0
1323,0,0,0,0,0,1,1,1,0,1
1324,0,0,0,0,0,1,1,1,0,0
1326,0,0,0,0,0,1,0,0,0,0
1328,0,0,0,0,0,1,1,0,0,0
1330,0,0,0,0,0,1,1,1,0,0
1333,0,0,0,0,0,1,0,1,0,0
1335,0,0,0,0,1,1,1,1,0,0
1337,0,0,0,0,0,1,0,0,0,0
1338,0,0,0,0,0,1,0,0,0,0
1339,0,0,0,0,0,1,0,0,0,0
1341,0,0,0,0,0,1,0,0,0,0
1342,0,0,0,0,0,1,0,0,0,0
1343,0,0,0,0,0,1,0,0,0,0
1345,0,0,0,0,0,1,0,0,0,0
1348,0,0,0,0,0,1,0,1,0,0
1349,0,0,0,0,0,1,0,0,0,0
1350,0,0,0,0,0,1,0,0,0,0
1352,0,0,0,0,1,1,0,1,0,0
1355,0,0,0,0,0,1,0,0,0,0
1356,0,0,0,0,0,1,0,0,0,0
1358,0,0,0,0,1,1,0,1,0,0
1359,0,0,0,0,0,1,0,0,0,0
1363,0,0,0,0,0,1,0,0,0,0
1364,0,0,0,0,0,1,0,0,0,0
1366,0,0,0,0,0,1,1,0,0,0
1368,0,0,0,0,1,1,0,1,0,0
1372,0,0,0,0,0,0,0,1,0,0
1376,0,0,0,0,1,0,0,0,0,0
1377,0,0,0,0,1,0,0,0,0,0
1379,0,0,0,0,1,0,0,0,0,0
1380,0,0,0,0,1,0,0,1,0,0
1392,1,1,0,0,0,0,0,0,0,0
1400,0,0,0,0,1,0,0,0,0,0
1401,0,0,0,0,0,0,1,1,0,1
1404,0,0,0,0,1,0,1,0,0,0
1405,0,0,1,0,1,0,0,0,0,0
1410,0,0,1,0,0,0,0,0,0,0
1412,0,0,1,0,0,0,0,0,0,0
1417,0,0,1,0,0,0,0,0,0,0
1421,0,1,0,0,0,0,0,0,0,0
1423,0,1,0,0,0,0,0,0,0,1
1427,0,1,0,0,0,0,0,0,0,0
1430,0,0,0,0,0,0,0,1,0,1
1434,0,1,0,0,0,0,0,0,0,0
1437,0,1,0,0,0,0,1,0,0,0
1444,0,1,0,0,0,0,0,0,0,0
1449,0,0,0,0,1,0,0,0,0,0
1450,0,0,0,0,1,0,0,0,0,0
1452,0,0,0,0,1,0,0,0,0,0
1454,0,0,0,0,1,0,0,0,0,0
1456,0,0,0,0,1,0,0,0,0,0
1462,0,0,0,0,1,0,0,0,0,0
1465,0,0,0,0,0,0,0,0,1,0
1466,0,0,0,0,0,0,0,0,1,0
1468,0,0,0,0,0,0,0,0,1,0
1476,0,0,0,0,0,0,0,0,1,0
1482,1,0,0,0,0,0,0,0,1,0
1484,0,0,0,0,0,0,0,1,0,1
1485,0,0,0,0,0,0,1,0,0,0
1486,0,0,0,0,0,0,1,0,0,0
1491,0,0,0,0,0,0,1,0,0,0
1492,0,0,0,0,0,0,1,0,0,0
1493,0,0,0,0,0,0,1,0,0,0
1494,0,0,0,0,0,0,1,0,0,0
1498,0,0,0,0,0,0,1,0,0,0
1499,0,0,0,0,0,0,1,0,0,0
1500,0,0,0,0,0,0,1,0,0,0
1503,0,0,0,0,0,0,1,0,0,0
1507,0,1,0,0,0,0,0,0,0,0
1511,0,1,0,0,0,0,0,0,0,0
1514,0,1,0,0,1,0,0,0,0,0
1515,0,0,0,1,1,0,0,0,0,1
1519,0,0,0,0,0,0,1,1,0,1
1522,0,1,0,0,1,0,0,0,0,0
1524,0,1,0,0,0,0,0,0,1,0
1526,0,1,0,0,0,0,1,0,0,0
1527,0,1,0,0,0,0,0,0,0,0
1529,0,0,0,0,0,0,1,0,0,0
1537,0,0,0,0,1,1,0,0,0,0
1538,0,0,0,0,0,1,1,0,0,0
1539,0,0,0,0,0,1,0,0,0,0
1540,0,0,0,0,0,1,0,0,0,0
1541,0,0,0,0,0,1,0,1,0,0
1543,0,0,0,0,1,1,0,1,0,0
1544,0,0,0,0,0,1,0,0,0,0
1546,0,0,0,0,0,1,1,1,0,0
1549,0,0,0,0,0,1,0,0,0,0
1550,0,0,0,0,0,1,0,0,0,0
1551,0,0,0,0,0,1,0,0,0,0
1552,0,0,0,0,1,1,1,1,0,0
1553,0,0,0,0,0,1,1,1,0,0
1554,0,0,0,0,0,1,0,0,0,0
1555,0,0,0,0,0,1,0,0,0,0
1556,0,0,0,0,0,1,0,0,0,0
1558,0,0,0,0,0,1,0,0,0,0
1559,0,0,0,0,0,1,1,0,0,0
1560,0,0,0,0,0,1,0,0,0,0
1563,0,0,0,0,0,0,0,0,1,0
1570,0,0,0,0,0,0,0,0,1,0
1571,0,0,0,0,0,0,0,1,0,1
1577,1,0,0,0,0,0,0,0,0,0
1579,0,0,0,0,0,0,0,0,1,0
1585,0,1,0,0,0,0,0,0,0,0
1619,0,1,0,0,0,0,0,0,0,0
1621,0,1,0,0,0,0,0,0,0,0
1623,0,0,1,0,0,0,0,0,0,0
1627,0,0,1,0,0,0,0,0,0,0
1629,0,0,1,0,0,0,0,0,0,0
1632,1,0,1,0,0,0,0,0,0,0
1639,0,0,1,0,0,0,0,0,0,0
1642,0,0,1,0,0,0,0,0,0,0
1646,0,0,1,0,0,0,0,0,0,0
1647,0,0,1,0,0,0,0,0,0,0
1657,0,0,0,1,1,0,0,0,0,0
1659,0,0,1,0,0,0,0,0,0,0
1660,0,0,1,0,0,0,0,0,0,0
1661,0,0,1,0,0,0,0,0,0,0
1665,0,0,1,0,0,0,0,0,0,0
1666,0,0,0,0,1,0,0,0,0,0
1667,0,0,1,0,0,0,0,0,0,0
1669,0,0,1,0,0,0,0,0,0,0
1671,0,0,1,0,0,0,0,0,0,0
1673,0,0,0,0,0,0,0,1,0,0
1675,0,0,0,0,1,0,1,1,0,0
1678,0,0,0,0,0,0,0,1,0,0
1690,0,1,0,0,0,0,0,0,0,0
1699,0,0,0,1,1,0,0,0,0,0
1701,0,0,0,1,1,0,0,0,0,0
1703,0,0,1,0,1,0,0,0,0,0
1706,0,0,1,0,1,0,0,0,0,0
1707,0,0,1,0,0,0,0,0,0,0
1708,0,1,0,0,1,0,0,0,0,0
1709,0,1,0,0,1,0,0,0,0,0
1711,0,0,0,1,1,0,0,0,0,0
1712,0,1,0,0,1,1,0,1,0,0
1713,0,1,0,0,1,0,0,0,0,1
1714,0,1,0,0,0,0,0,0,0,0
1718,0,0,1,0,0,0,0,0,0,0
1719,0,0,0,1,0,0,0,0,0,0
1723,0,0,0,0,0,1,0,0,0,1
1724,0,0,0,0,0,1,0,0,0,0
1725,0,0,0,0,0,0,0,0,0,1
1728,0,0,0,0,0,0,0,1,0,1
1729,0,0,0,0,0,1,0,1,0,0
1730,0,0,0,0,0,1,0,1,0,0
1731,1,0,0,0,0,0,0,0,0,0
1733,0,0,0,0,0,0,0,0,1,0
1737,0,0,0,0,1,0,0,0,0,0
1743,1,0,0,0,0,0,0,0,0,0
1744,1,0,0,0,0,0,0,0,1,0
1748,0,0,0,0,1,0,1,0,1,0
1749,1,0,0,0,0,0,0,0,1,0
1751,0,0,0,0,0,0,0,0,1,0
1753,0,1,0,0,0,0,0,0,0,0
1755,1,0,0,0,0,0,0,0,0,0
1756,0,0,0,1,0,0,0,0,0,0
1766,0,0,1,0,1,0,0,0,0,0
1767,0,0,1,0,1,0,0,0,0,0
1769,0,0,1,0,0,0,0,0,0,0
1770,0,0,1,0,0,0,0,0,0,0
1775,1,0,0,0,1,0,0,0,0,0
1777,1,1,0,0,0,0,0,0,0,0
1782,0,0,0,1,0,0,0,0,0,0
1783,0,0,0,0,0,0,0,0,0,1
1784,0,0,1,0,0,0,0,0,0,0
1789,1,1,0,0,1,0,0,0,0,0
1790,1,0,0,0,1,0,0,0,0,0
1795,0,1,0,0,0,0,1,0,0,0
1797,1,0,0,0,0,0,0,0,0,0
1802,1,0,0,0,0,0,0,0,0,0
1806,0,0,0,0,0,0,0,0,1,0
1807,1,0,0,0,1,0,0,1,0,0
1810,0,0,0,0,0,0,0,0,1,0
1812,0,0,0,0,0,0,1,1,1,0
1815,0,0,0,0,0,0,1,1,0,0
1816,0,0,0,1,0,1,0,0,0,1
1817,0,0,1,0,0,0,0,0,0,0
1818,0,0,0,1,0,1,0,1,0,0
1819,0,0,0,1,0,0,0,0,0,0
1822,0,0,0,1,0,0,0,1,0,1
1831,1,0,0,0,0,0,0,0,0,0
1832,0,0,0,0,1,0,0,0,0,0
1837,0,0,0,1,0,0,0,0,0,0
1839,0,0,0,0,0,0,0,1,0,0
1842,0,0,0,0,0,0,0,1,1,1
1849,0,0,0,0,0,0,0,1,0,0
1854,0,0,0,0,0,1,0,0,0,0
1855,0,0,0,0,1,1,0,0,0,0
1856,0,0,0,0,0,1,0,0,0,0
1857,0,0,0,0,0,1,1,0,0,0
1859,0,0,0,0,0,1,0,0,0,0
1860,0,0,0,0,0,1,0,0,0,0
1861,0,0,0,0,0,1,0,0,0,0
1862,0,0,0,0,0,1,0,0,0,0
1863,0,0,0,0,1,1,0,1,0,0
1864,0,0,0,0,0,1,0,0,0,0
1865,0,0,0,0,0,1,0,1,0,0
1866,0,0,0,0,0,1,0,1,0,0
1867,0,0,0,0,0,1,1,1,0,0
1868,0,0,0,0,0,1,1,1,0,0
1869,0,0,0,0,0,1,0,1,0,0
1870,0,0,0,0,0,1,0,0,0,0
1871,0,0,0,0,0,1,0,0,0,0
1872,0,0,0,0,0,1,1,0,0,0
1873,0,0,1,0,0,0,0,0,0,0
1874,1,0,1,0,0,0,0,0,0,0
1876,0,0,0,1,0,0,0,0,0,0
1877,0,0,1,0,0,0,0,0,0,0
1878,0,0,0,1,0,0,0,0,0,0
1889,0,0,1,0,0,0,0,0,0,0
1893,0,0,0,0,0,0,0,1,0,1
1894,0,0,1,0,0,0,0,0,0,0
1895,0,1,0,0,0,0,1,0,0,0
1898,0,0,0,0,0,0,0,1,0,1
1899,0,0,0,0,0,0,0,1,0,1
1900,0,0,1,0,0,0,0,0,0,1
1904,0,0,0,0,0,0,0,0,1,0
1907,0,0,1,0,0,0,0,0,0,0
1909,0,0,1,0,0,0,1,0,0,0
1910,1,0,0,0,0,0,0,0,0,0
1911,1,0,1,0,0,0,0,0,1,0
1912,0,0,0,0,0,0,1,0,0,0
1913,0,0,1,0,0,0,0,0,0,0
1917,0,0,1,0,0,0,0,0,0,0
1918,0,0,1,0,0,0,0,0,0,1
1920,0,1,1,0,0,0,0,0,0,0
1921,0,0,1,0,1,0,0,0,0,0
1922,0,0,1,0,0,0,0,0,0,0
1923,0,0,0,0,0,0,0,0,0,1
1926,0,0,1,0,0,0,0,0,0,0
1927,0,0,0,0,1,0,1,0,0,0
1928,0,0,0,0,1,0,1,0,0,0
1930,0,0,1,0,0,0,1,0,0,0
1931,0,0,0,0,1,0,0,0,0,0
1932,0,1,0,0,0,0,0,1,0,1
1933,0,1,1,0,0,0,1,0,0,0
1936,0,0,0,0,0,0,0,0,1,0
1937,1,0,0,0,0,0,0,0,1,0
1939,0,0,0,0,0,0,0,0,1,0
1946,1,1,0,0,1,0,0,0,0,0
1955,0,0,0,0,0,0,0,0,1,0
1964,1,0,0,0,0,0,0,0,0,0
1967,0,0,0,0,0,0,0,0,1,0
1968,1,0,0,0,0,0,0,0,0,0
1976,1,0,0,0,0,0,0,0,1,0
1977,0,0,0,0,1,0,0,0,1,0
1978,0,0,0,0,0,0,0,0,1,0
1983,1,0,0,0,0,0,0,0,0,0
1986,0,1,0,0,0,0,0,0,0,0
1987,0,0,0,0,0,0,1,0,0,0
1988,0,0,0,0,0,0,0,0,1,0
1989,0,0,0,0,0,0,0,1,0,1
1990,0,0,0,0,0,0,0,0,0,1
1991,0,0,0,0,0,1,0,1,0,1
1993,0,0,0,0,0,1,0,0,0,0
1996,0,0,0,0,0,0,0,1,0,0
1997,0,0,1,0,1,0,0,0,0,0
1998,0,1,0,0,0,0,0,0,0,0
2003,0,0,0,0,1,0,0,0,0,0
2005,0,1,0,0,0,0,0,0,0,0
2009,0,0,1,0,0,0,0,0,0,0
2010,0,0,1,0,0,0,0,0,0,0
2014,1,1,1,0,1,0,0,0,0,0
2015,0,0,0,0,1,0,0,0,0,0
2020,0,0,1,0,1,0,0,0,0,0
2028,0,0,1,0,0,0,0,0,0,0
2029,1,0,1,1,1,0,0,0,0,0
2035,1,0,1,0,1,0,0,0,0,0
2040,0,0,1,0,0,0,0,0,0,0
2041,0,0,0,0,0,0,1,0,0,0
2046,0,0,1,0,1,0,0,0,0,0
2047,0,0,0,0,0,0,1,0,0,0
2049,1,0,0,0,1,0,0,0,0,0
2050,0,0,0,0,1,0,0,0,0,0
2053,0,1,0,0,0,0,0,0,0,0
2056,0,1,0,0,1,0,0,0,0,0
2058,0,0,0,0,0,0,0,1,0,1
2060,0,0,0,0,0,0,0,1,0,0
2063,0,0,0,0,0,0,0,1,0,1
2064,0,0,0,1,0,0,0,0,0,0
2066,1,0,1,1,0,0,0,0,1,0
2068,0,0,0,0,0,0,0,0,1,0
2069,0,0,0,0,1,0,0,1,0,0
2075,1,1,0,0,0,0,0,0,0,0
2076,0,0,0,0,1,0,0,0,0,1
2083,0,1,0,0,0,0,0,0,0,0
2086,0,0,0,0,0,0,0,0,1,0
2092,0,0,0,0,1,1,0,1,0,0
2100,0,0,0,0,1,1,0,1,0,0
2103,0,0,0,0,1,0,0,1,0,0
2108,0,0,0,0,1,0,0,1,0,0
2109,0,0,0,0,1,0,0,1,0,0
2116,0,0,0,0,1,0,0,1,0,0
2119,0,0,0,0,1,0,1,0,0,0
2120,0,0,0,0,1,0,0,1,0,0
2124,0,0,0,0,1,1,0,0,0,0
2125,0,0,0,0,1,0,0,0,0,0
2131,0,0,0,0,1,1,0,1,0,0
2142,0,0,0,0,1,0,0,1,0,0
2144,0,0,0,0,1,0,1,0,0,0
2161,0,0,0,0,1,1,0,0,0,0
2163,0,0,0,0,1,1,0,1,0,0
2165,0,0,0,0,1,0,0,0,0,0
2167,0,0,0,0,1,1,0,1,0,0
2169,0,0,0,0,1,1,0,0,0,0
2172,0,0,0,0,1,1,0,1,0,0
2173,0,0,0,0,1,1,0,0,0,0
2176,0,0,0,0,0,1,1,0,0,0
2177,0,0,0,0,0,1,1,0,0,0
2178,0,0,0,0,0,1,0,1,0,0
2184,0,0,0,0,0,1,1,1,0,0
2186,0,0,0,0,0,0,0,1,0,1
2193,0,1,0,0,0,0,0,0,0,0
2204,0,1,1,0,0,0,0,0,0,1
2209,0,0,1,0,0,0,0,0,0,0
2210,0,0,1,0,0,0,0,0,0,0
2213,0,0,1,0,0,0,0,1,0,1
2215,0,0,1,0,0,0,0,1,0,1
2216,0,0,1,0,0,0,0,0,0,1
2222,0,1,0,0,0,0,0,0,0,0
2232,0,0,1,0,0,0,0,0,0,0
2237,0,0,0,0,0,0,0,0,1,0
2239,0,0,0,0,0,0,0,0,1,0
2248,0,0,0,0,0,0,0,1,0,1
2250,0,0,0,0,0,0,0,1,0,1
2251,0,0,0,0,0,0,0,1,0,1
2253,0,0,0,0,0,0,0,1,0,1
2254,0,0,0,0,0,0,0,0,0,1
2255,0,0,0,0,0,0,0,0,0,1
2257,0,0,0,0,0,0,0,1,0,1
2258,0,0,0,0,0,0,0,0,0,1
2259,0,0,0,0,0,0,0,1,0,1
2260,0,0,0,0,0,0,0,0,0,1
2261,0,0,0,0,0,0,0,1,0,1
2264,0,0,0,0,0,0,0,0,0,1
2267,0,0,0,0,0,0,0,0,0,1
2270,0,0,0,0,0,1,0,0,0,1
2271,0,0,0,0,0,0,0,0,0,1
2275,0,0,0,0,0,1,0,1,0,1
2276,0,0,0,0,0,1,0,1,0,1
2277,0,0,0,0,0,1,0,1,0,1
2279,0,0,0,0,0,0,0,0,1,0
2280,1,0,0,0,0,0,0,0,1,0
2281,1,0,0,0,0,0,0,0,1,0
2283,0,0,0,0,0,0,0,0,1,0
2284,1,0,0,0,0,0,0,0,1,0
2292,1,0,0,0,0,0,0,0,0,0
2293,0,0,0,0,1,0,0,0,0,0
2299,0,0,0,0,0,0,0,0,1,0
2300,1,0,0,0,0,0,0,0,0,0
2303,1,0,0,0,1,0,0,0,0,0
2305,0,1,0,0,1,0,0,0,0,0
2309,0,0,0,0,1,0,0,0,0,0
2310,0,0,0,0,1,0,0,0,0,0
2317,0,0,0,0,1,0,1,0,0,0
2320,0,0,0,0,1,0,0,1,0,1
2322,0,0,1,0,0,0,0,1,0,1
2323,0,0,0,0,0,0,0,0,0,1
2324,1,0,1,0,0,0,0,1,0,1
2326,0,0,0,0,0,0,0,1,0,1
2328,0,0,0,0,0,0,0,1,0,1
2329,0,0,0,0,0,0,0,1,0,1
2330,0,0,0,0,0,0,0,1,0,1
2331,0,0,0,0,0,0,0,1,0,1
2335,0,0,0,0,0,0,1,1,0,1
2337,0,0,0,0,0,0,0,1,0,1
2342,0,0,0,0,0,1,0,1,0,1
2343,0,0,0,0,0,0,0,1,0,1
2344,0,0,0,0,0,0,0,1,0,1
2345,0,0,0,0,0,0,0,1,0,1
2353,0,0,0,0,0,0,1,0,0,0
2354,0,0,0,0,0,0,1,0,0,0
2360,1,1,0,0,1,0,0,0,0,0
2363,1,0,0,0,1,0,0,0,0,0
2364,0,1,0,0,1,0,0,0,0,0
2367,0,1,0,0,1,0,0,0,0,0
2371,0,1,0,0,1,0,0,0,0,0
2381,0,1,0,0,0,0,0,0,0,0
2383,0,1,0,0,0,0,0,0,0,0
2389,0,1,0,0,0,0,0,0,0,0
2393,1,0,0,1,1,0,0,0,1,0
2413,0,0,0,0,0,0,0,0,1,0
2419,1,0,0,0,0,0,0,0,0,0
2422,0,1,0,0,0,0,0,0,0,0
2423,1,0,0,0,0,0,0,0,0,0
2424,0,1,0,0,0,0,0,0,0,0
2426,0,1,0,0,0,0,0,0,0,0
2427,1,1,0,0,1,0,0,0,0,0
2429,0,1,0,0,0,0,0,0,0,0
2432,0,0,0,0,0,0,1,0,0,0
2433,0,0,0,0,0,0,1,0,0,0
2444,0,0,0,0,0,0,1,0,0,0
2446,0,0,0,0,0,0,1,0,0,0
2447,0,0,0,0,0,1,1,0,0,0
2449,0,0,0,0,0,0,1,0,0,0
2457,0,0,0,0,0,0,1,0,0,0
2462,0,1,0,0,0,0,0,0,0,0
2468,0,1,0,0,1,0,0,0,0,0
2472,0,0,0,1,0,0,0,0,0,0
2477,1,0,0,1,0,0,0,1,0,1
2478,0,0,0,0,0,0,0,1,0,1
2480,0,0,1,0,0,0,0,0,0,0
2481,0,0,0,0,0,0,0,1,0,1
2482,0,0,0,0,0,0,0,1,0,1
2483,0,1,0,0,0,0,0,0,0,0
2484,0,0,0,0,0,0,0,0,0,1
2485,0,0,1,0,0,0,0,0,0,0
2486,0,1,0,0,0,0,0,0,0,0
2487,0,0,0,0,0,0,0,0,0,1
2489,0,1,0,0,1,0,0,0,0,0
2493,0,1,0,0,0,0,0,0,0,1
2495,0,0,1,0,0,0,0,0,0,0
2497,0,0,1,0,0,0,0,1,0,1
2498,0,0,0,0,0,0,0,0,0,1
2500,0,0,0,0,0,0,1,0,0,1
2501,0,1,0,0,0,0,0,0,0,0
2504,0,0,1,0,0,0,0,0,0,0
2506,0,0,0,0,0,0,1,0,0,1
2517,1,0,0,0,0,0,0,0,0,0
2519,0,0,0,1,0,0,0,0,0,0
2520,1,0,0,0,0,0,0,0,0,0
2523,1,0,0,1,0,0,0,0,0,0
2524,1,0,0,0,0,0,0,0,0,0
2527,0,0,1,0,0,0,0,0,0,0
2531,1,0,0,0,0,0,0,0,0,0
2532,1,0,1,0,0,0,0,0,0,0
2533,1,0,0,0,0,0,0,1,0,0
2534,1,0,1,0,0,0,0,1,0,0
2537,1,0,0,0,0,0,0,0,0,0
2541,1,0,0,0,0,0,0,0,0,0
2546,1,0,0,0,0,0,0,0,0,0
2549,0,0,0,0,0,0,0,0,1,0
2552,0,0,1,0,0,0,1,0,1,0
2554,0,0,0,0,0,0,0,0,0,1
2558,1,0,0,0,0,0,0,0,1,0
2559,0,0,0,0,0,0,1,0,0,0
2569,0,1,0,0,0,0,0,0,0,0
2570,0,1,0,0,0,0,0,0,0,0
2581,0,0,0,0,1,0,0,0,0,0
2585,0,1,0,0,1,0,0,0,0,0
2590,0,0,0,0,0,0,0,0,1,0
2593,0,0,0,0,0,0,0,0,1,0
2594,0,0,0,1,0,0,1,0,0,0
2601,1,0,0,0,0,0,0,0,1,0
2603,0,0,0,0,0,0,0,0,1,0
2604,0,0,0,0,0,0,0,0,1,0
2607,0,0,0,0,0,0,0,0,1,0
2612,1,0,0,0,0,0,0,0,0,0
2619,0,0,1,0,1,0,0,0,0,0
2620,0,0,0,0,1,0,0,0,0,0
2621,0,0,1,0,0,0,0,0,0,1
2636,1,0,0,0,0,0,0,0,1,0
2637,1,0,0,0,0,0,0,0,0,0
2638,1,0,0,0,0,0,0,0,1,0
2650,0,0,1,0,0,0,0,0,0,0
2652,1,0,0,1,0,0,0,0,0,0
2653,0,0,0,0,0,0,0,1,0,1
2654,0,0,0,1,0,0,0,0,0,0
2655,0,0,0,1,0,0,0,0,0,0
2657,0,0,0,1,1,0,0,1,0,0
2659,0,0,0,1,0,0,0,1,0,0
2660,1,0,0,1,0,0,0,0,0,0
2662,0,0,0,0,0,0,1,1,0,1
2664,0,0,0,0,0,0,1,0,0,1
2666,0,0,0,0,0,0,1,0,0,0
2667,0,0,0,0,0,0,1,0,0,0
2673,0,0,0,0,0,0,1,1,0,1
2675,0,0,0,0,0,0,1,1,0,1
2680,0,0,1,0,0,0,0,0,0,0
2695,1,0,0,0,0,0,0,0,0,0
2696,0,0,0,0,0,0,0,0,1,0
2699,0,0,1,0,0,0,0,0,0,0
2706,0,1,0,0,0,0,0,0,0,0
2707,0,0,1,0,1,0,0,0,0,0
2708,1,0,0,0,0,0,0,0,0,0
2711,0,0,1,0,0,0,0,0,0,0
2712,1,1,0,0,0,0,0,0,0,0
2725,0,0,0,0,0,0,1,0,0,0
2727,1,0,0,0,1,0,0,0,0,0
2728,0,0,0,0,1,0,0,0,0,0
2729,0,0,0,0,1,0,0,0,0,0
2738,1,1,0,0,1,0,0,0,0,0
2739,1,0,0,0,1,0,0,0,0,0
2740,0,0,0,0,0,0,1,0,1,0
2742,0,0,0,0,0,0,0,0,0,1
2745,0,1,0,0,0,0,0,0,0,0
2748,1,0,0,0,0,0,0,0,0,0
2750,0,1,0,0,0,0,0,0,0,0
2753,1,0,0,0,0,0,0,0,0,0
2754,0,0,0,0,0,0,0,0,1,0
2755,1,0,0,0,0,0,0,0,1,0
2777,0,1,0,0,0,0,0,0,0,0
2778,0,1,0,0,0,0,0,0,0,0
2781,1,0,0,0,0,0,0,0,0,0
2782,1,0,0,0,0,0,0,0,0,0
2786,0,0,0,1,1,0,1,0,0,0
2787,0,0,1,1,0,0,0,0,0,0
2788,0,0,0,1,0,0,0,0,0,0
2789,0,0,0,1,0,0,0,0,0,0
2791,0,0,0,1,0,0,0,0,0,0
2792,0,0,0,1,0,0,1,0,0,0
2793,0,0,0,1,0,0,0,0,0,0
2794,0,0,0,0,1,0,0,1,0,0
2795,0,0,0,1,0,0,0,0,0,0
2796,0,0,0,1,0,0,0,0,0,0
2797,0,0,0,1,1,0,0,0,0,0
2798,0,1,0,1,0,0,0,0,0,0
2801,0,0,0,1,1,0,0,0,0,0
2803,0,0,0,1,1,0,0,0,0,0
2806,0,0,0,1,0,0,0,0,0,0
2807,0,0,0,1,0,0,0,0,0,0
2808,0,0,0,1,0,0,0,0,0,0
2809,0,0,0,1,0,0,0,0,0,0
2810,0,0,0,1,0,0,0,0,0,0
2811,0,0,0,1,0,0,0,0,0,0
2812,0,0,0,1,0,0,0,0,0,0
2813,0,0,0,1,0,0,0,1,0,0
2818,0,0,0,0,0,0,1,1,0,0
2819,0,0,0,0,1,0,0,1,0,0
2820,0,0,0,0,1,1,0,1,0,0
2821,0,0,0,0,1,0,0,1,0,0
2823,0,0,0,0,1,0,0,1,0,0
2828,0,0,0,0,1,0,0,1,0,0
2835,0,0,0,1,0,0,0,0,0,0
2842,0,1,0,0,0,0,0,0,0,0
2848,0,0,0,0,1,0,0,0,0,0
2849,0,0,0,0,1,0,0,0,0,0
2850,1,0,0,0,0,0,0,0,0,0
2854,0,0,0,1,0,0,0,0,0,0
2856,1,0,0,0,0,0,0,0,0,0
2858,0,0,0,0,1,0,0,1,0,0
2859,1,0,0,0,0,0,0,0,0,0
2864,1,0,0,0,1,0,0,0,1,0
2875,1,0,0,0,0,0,0,0,0,0
2885,1,0,0,0,0,0,0,0,1,0
2889,0,0,0,0,1,0,0,1,0,0
2897,0,0,0,0,1,0,0,0,0,0
2898,1,0,0,0,0,0,1,0,0,0
2899,1,0,1,0,0,0,0,0,0,0
2909,0,1,0,0,1,0,0,0,0,0
2910,0,1,0,0,1,0,0,0,0,0
2911,0,1,0,0,1,0,0,0,0,0
2913,1,1,0,0,1,0,1,0,0,0
2917,1,1,0,0,0,0,0,0,0,0
2918,1,0,0,0,1,0,0,0,0,0
2919,0,1,0,0,1,0,0,0,0,0
2923,0,0,0,0,0,0,0,1,0,1
2925,0,0,0,0,0,0,0,1,0,1
2926,0,0,0,0,0,0,0,1,0,1
2927,0,0,0,0,0,0,0,0,0,1
2928,0,0,0,0,0,0,0,1,0,1
2931,0,0,0,0,0,0,0,1,0,1
2932,0,0,0,0,0,0,0,1,0,1
2934,0,0,0,0,0,0,0,1,0,1
2936,0,0,0,0,0,0,0,0,0,1
2938,0,0,0,0,0,0,0,1,0,1
2940,0,0,0,0,0,0,0,1,0,1
2941,0,0,0,0,0,0,0,0,0,1
2942,0,0,0,0,0,0,0,1,0,1
2948,0,0,0,0,0,0,0,1,0,1
2949,0,0,0,0,0,0,0,1,0,1
2953,0,0,0,1,0,0,0,0,0,0
2954,0,0,1,0,0,0,0,0,0,0
2955,0,0,0,1,0,0,0,0,0,0
2961,0,0,0,0,0,0,0,0,0,1
2962,0,0,1,0,0,0,0,0,0,0
2963,0,0,0,0,0,1,0,0,0,0
2965,0,0,1,0,0,0,0,0,0,0
2969,0,1,0,0,0,0,0,0,0,0
2970,0,1,0,0,1,0,0,0,0,0
2974,0,1,0,0,0,0,0,0,0,0
2975,1,1,0,0,1,0,0,0,0,0
2976,0,1,0,0,1,0,0,0,0,0
2977,1,0,0,0,1,0,1,0,0,0
2979,0,1,0,0,1,0,0,0,0,0
2981,0,1,0,0,1,0,0,0,0,0
2982,0,1,0,0,1,0,0,0,0,0
2983,0,0,0,0,0,0,1,0,0,0
2984,1,0,0,0,1,0,0,0,0,0
2990,0,1,0,0,1,0,0,0,0,0
2992,0,1,0,0,1,0,0,0,0,0
2994,0,1,0,0,1,0,0,0,0,0
3003,0,0,0,0,1,0,0,0,0,0
3004,1,0,0,0,1,0,0,0,1,0
3008,0,0,0,0,0,0,0,0,1,0
3012,0,0,0,0,0,0,0,0,1,0
3014,0,1,0,0,0,0,0,0,0,0
3016,0,1,0,0,0,0,0,0,1,0
